Task ID,Title,Owner,Master Status,User,User Status,Comments,Live Status
1,Test Task,user1@example.com,Done,user1@example.com,Done,user1@example.com:  Keep it up,
1,Test Task,user1@example.com,Done,user2@example.com,Done,user1@example.com:  Keep it up,
2,Pos Task,testpos1@example.com,In Progress,testpos1@example.com,In Progress,testpos1@example.com: Motivating progress!; testpos1@example.com: Motivating progress!; testpos1@example.com: Motivating progress!; testpos1@example.com: Motivating progress!; testpos1@example.com: Motivating progress!; testpos1@example.com: Motivating progress!,
2,Pos Task,testpos1@example.com,In Progress,testpos2@example.com,To Do,testpos1@example.com: Motivating progress!; testpos1@example.com: Motivating progress!; testpos1@example.com: Motivating progress!; testpos1@example.com: Motivating progress!; testpos1@example.com: Motivating progress!; testpos1@example.com: Motivating progress!,
3,Pos Task New,testpos1@example.com,To Do,testpos1@example.com,To Do,,
4,Dup,testpos1@example.com,To Do,testpos1@example.com,To Do,,
5,Live Meeting,testpos1@example.com,To Do,testpos1@example.com,To Do,,ended
6,Normal Task,testpos1@example.com,To Do,testpos1@example.com,To Do,,
7,Pos Task New,testpos12@example.com,To Do,testpos12@example.com,To Do,,
